Ship Name                     ,Hull No.    ,Record Group,Series NAID ,Record Entry,Container           ,StartDate ,EndDate   ,Nara URL                                          ,#Images     ,Document URL
USS Porpoise                  ,            ,45          ,1801187     ,I-18 608    ,                    ,1854-02-01,1854-02-28,https://catalog.archives.gov/id/74220147          ,7           ,https://catalog.archives.gov/catalogmedia/lz/dc-metro/rg-045/1801187/2017-06/Uss_Porpoise_02081854-02111854/Uss_Porpoise_02081854-02111854.pdf
USS Vincennes                 ,            ,45          ,1801187     ,I-18 608    ,                    ,1853-06-01,1853-09-30,https://catalog.archives.gov/id/74221199          ,25          ,https://catalog.archives.gov/catalogmedia/lz/dc-metro/rg-045/1801187/2017-06/Uss_Vincennes_06111853-09121853/Uss_Vincennes_06111853-09121853.pdf
USS Vincennes                 ,            ,45          ,1801187     ,I-18 608    ,                    ,1855-04-01,1855-05-31,https://catalog.archives.gov/id/74220156          ,33          ,https://catalog.archives.gov/catalogmedia/lz/dc-metro/rg-045/1801187/2017-06/Uss_Vincennes_04061855-05141855/Uss_Vincennes_04061855-05141855.pdf
USS Porpoise                  ,            ,45          ,1801187     ,I-18 608    ,                    ,1853-05-01,1854-08-31,https://catalog.archives.gov/id/74220896          ,65          ,https://catalog.archives.gov/catalogmedia/lz/dc-metro/rg-045/1801187/2017-06/Uss_Porpoise_05311853-08161854/Uss_Porpoise_05311853-08161854.pdf
USS Vincennes                 ,            ,45          ,1801187     ,I-18 608    ,                    ,1853-06-01,1854-01-31,https://catalog.archives.gov/id/74221226          ,67          ,https://catalog.archives.gov/catalogmedia/lz/dc-metro/rg-045/1801187/2017-06/Uss_Vincennes_06131853-01151854/Uss_Vincennes_06131853-01151854.pdf
USS Vincennes                 ,            ,45          ,1801187     ,I-18 608    ,                    ,1856-02-01,1856-07-31,https://catalog.archives.gov/id/74220066          ,79          ,https://catalog.archives.gov/catalogmedia/lz/dc-metro/rg-045/1801187/2017-06/Uss_Vincennes_02021856-07141856/Uss_Vincennes_02021856-07141856.pdf
USS John P Kennedy            ,            ,45          ,1801187     ,I-18 608    ,                    ,1853-06-01,1856-02-29,https://catalog.archives.gov/id/74220963          ,96          ,https://catalog.archives.gov/catalogmedia/lz/dc-metro/rg-045/1801187/2017-06/Uss_John_P_Kennedy_06111853-02141856/Uss_John_P_Kennedy_06111853-02141856.pdf
USS Vincennes                 ,            ,45          ,1801187     ,I-18 608    ,                    ,1853-06-01,1856-07-31,https://catalog.archives.gov/id/74221061          ,136         ,https://catalog.archives.gov/catalogmedia/lz/dc-metro/rg-045/1801187/2017-06/Uss_Vincennes_06111853-07111856/Uss_Vincennes_06111853-07111856.pdf
USS Vincennes                 ,            ,45          ,1801187     ,I-18 608    ,                    ,1853-05-01,1854-03-31,https://catalog.archives.gov/id/74220710          ,184         ,            
USS Constitution              ,            ,45          ,1801187     ,I-18 608    ,                    ,1798-07-01,1799-05-31,https://catalog.archives.gov/id/74221295          ,330         ,https://catalog.archives.gov/catalogmedia/lz/dc-metro/rg-045/1801187/2017-06/Uss_Constitution_07231798-05111799/Uss_Constitution_07231798-05111799.pdf
USS Constitution              ,            ,45          ,1801187     ,I-18 608    ,                    ,1844-05-01,1846-07-31,https://catalog.archives.gov/id/74220191          ,517         ,https://catalog.archives.gov/catalogmedia/lz/dc-metro/rg-045/1801187/2017-06/Uss_Constitution_05201844-07051846/Uss_Constitution_05201844-07051846.pdf
